"Date","MMM","AXP","AAPL","BA","CAT","CVX","CSCO","KO","DIS","DD","XOM","GE","GS","HD","IBM","INTC","JNJ","JPM","MCD","MRK","MSFT","NKE","PFE","PG","TRV","UTX","UNH","VZ","V","WMT"
"2016-01-04",-0.00830797686643747,-0.00734322263728726,0.0267030208877983,-0.00622439502672256,0.0165969056487847,-0.00759523073377899,0.000757900748688867,0.00141714690599892,-0.00135764154312523,-0.0342979339855437,-0.000516141935483883,0.00523731604704802,0.00767965216313526,0.00737841820476204,0.00258105445806533,0.00324678266685985,-0.0120931669658162,-0.00516031266363859,0.0028145159914712,0.00903676250862362,0.00883650589101626,0.00670919642105727,0.00313974882260593,0.000127641652276189,-0.00668411170340633,0.0118581581320749,-0.00384915733986291,0.00437926447905701,-0.00473311871504389,0.0158677520661157
"2016-01-05",0.00435907893670096,-0.0153867888969841,-0.0250593170395694,0.00405698932384335,-0.0104426977626915,0.008553776219556,-0.0045436955698599,0.00353766492746854,-0.020198105840024,0.0191850166481689,0.00852057847302579,0.000976913089446807,-0.0172180366784352,-0.00488299355931221,-0.000735498361209896,-0.00470726656620957,0.00417992622870456,0.00172903177819905,0.0137778106178295,0.0127668064024391,0.00456204387886938,0.0139792100130038,0.00719871651960191,0.00318999604989179,0.00454669451171497,0.00156954065083181,0.0018890692245328,0.0137344890720403,0.0075297228875717,0.0237552721079608
"2016-01-06",-0.020141067808304,-0.0320060842070886,-0.0195696818184177,-0.0158786764645159,-0.015755024015384,-0.039504530303487,-0.0106504750608415,-0.00540538203067875,-0.00535184330323402,-0.0140012136590109,-0.00832055779618956,-0.0159401431359791,-0.0244126606792501,-0.0103503110668723,-0.00500557946239633,-0.0221696705782045,-0.00505453904748188,-0.0144358857680841,-0.0067113676185746,-0.0137347878180701,-0.0181653045988248,-0.0142673771358228,-0.0177128340584214,-0.00966677653268466,-0.0129446907491202,-0.0271625362812105,-0.0101988515598218,-0.0210752688172042,-0.0131113155806207,0.0100127307696354
"2016-01-07",-0.0243615743524959,-0.00900338432174441,-0.0422045692811689,-0.0419218246499773,-0.0344307152758877,-0.0354363076565585,-0.0230680507497117,-0.0165406663516068,-0.00856916093494253,-0.0296623693647464,-0.0160061699237618,-0.0423140826446281,-0.0307348158439666,-0.0285094510612109,-0.0170895689441379,-0.0374849433201364,-0.0116545274594535,-0.0404394357516409,-0.02314187460909,-0.00877525787009747,-0.0347826278405666,-0.0266710675989245,-0.00664349868258474,-0.00873363718554265,-0.0238444513587266,-0.0131013848871976,-0.0294397961631275,-0.00549209138840068,-0.0196624958016141,0.0232887493829859
"2016-01-08",-0.00340495138394725,-0.00328945802005021,0.00528773474197197,-0.0227049854411318,-0.0101657492988075,-0.0107203087468192,-0.0247933490751673,-0.00264298420574194,-0.00251256281407031,-0.0053658861788618,-0.0202020325251724,-0.0179495346202808,-0.00413068291005592,-0.0119617222972612,-0.00925783524568846,-0.0103643216080401,-0.0106832996302831,-0.0223992367678779,-0.00155629425708825,-0.0169360472851434,0.00306697347391127,-0.0163742528445866,-0.0127388535031847,-0.0156776237367194,-0.00422777143502884,-0.016322088872207,-0.0172182359610398,-0.00971941683233934,-0.0123323483895874,-0.0229124715194907
"2016-01-11",-0.000213524086642325,0.00660069139398578,0.0161922443914218,0.00169245320053646,-0.0287565171629559,-0.0165591142052519,0.0197739701463289,0.00168643708438632,0.00675060957178841,-0.0325322554367257,-0.0133886728239745,0.00456938472515334,0.0109185920346639,0.0151735025799273,0.0121552149147148,0.017454807997461,-0.0060106354518894,-0.00152742707153519,0.0104779959176136,0.0033280734797152,-0.000573342229186258,0.0115508750051108,0.00225806451612898,0.00921412387502807,0.00754791032263258,0.00110617254189882,-0.00526508695478989,0.00579964283740164,0.0142700472394366,0.0107019198819338
"2016-01-12",0.002847742987796,0.00546446500556752,0.0145133463362768,0.0131325620771989,0.00211480393501207,0.0170856141049502,0.00316580925999221,0.0129869402122684,0.0154123401803909,-0.00980064210882059,0.0204911787083408,0.00209933519944028,-0.00012061184144363,0.0135951583208391,-0.00247693469869958,0.0193387080680378,0.00686684431690066,0.00220970585722569,0.0064272858612171,0.00995118048780497,0.0091778204431705,0.00654911849788609,-0.00225297714837469,-0.00208681367123564,0.0111433841076563,0,0.0244570172575833,-0.00354845863827913,0.0113636907836496,-0.00934291483427407
"2016-01-13",-0.0151923894988473,-0.0240683843457024,-0.0257102843708511,-0.0288053597453815,-0.0115259581664272,-0.00998174047518596,-0.0295857988165681,-0.00641028030413771,-0.0293711416259722,-0.0308873218732875,0.00598410928128112,-0.0139664460183815,-0.0405527832727688,-0.0477684218019989,-0.0130172767351667,-0.023561811505508,-0.0124185772072185,-0.027476238593559,-0.0197547595409613,-0.021251894175112,-0.0215990909738364,-0.0193526863422204,-0.0203225483870968,-0.00862637541167499,-0.0177811163794838,-0.0184530165745858,-0.0269909045610029,-0.0173602937903405,-0.0222044402834554,-0.0267211730072489
"2016-01-14",0.0177335062158772,0.00700084350042451,0.0218708083157491,0.00842961319191438,0.0226638367985521,0.0509037120151552,0.0024390243902439,0.000716917596985223,0.00639721751430078,0.0107413451181311,0.0458691461766254,0.0290367917847028,0.0150952507989417,-0.0146622649973268,0.013265274274076,0.0260107176433719,0.0192743976275325,0.0149982734565748,0.0130298815228489,0.0225029411764706,0.0284663444706883,-0.00459341620608045,0.0243661500044074,0.0039552275268353,0.00867438258861752,0.00202634240625144,0.0140071313556589,0.016307972081179,0.00957599205406279,0.0184109017574581
"2016-01-15",-0.0176369961995961,-0.00600412377936288,-0.0240152740358303,-0.0276315795889686,-0.0385418500080296,-0.0210600559136531,-0.0421735198702353,-0.0090735671185872,-0.0525678432795091,-0.0576655380604342,-0.0194641170577307,-0.0196145567658141,-0.0358138548597424,-0.00326032427870782,-0.0216688354023372,-0.0910202143542934,-0.0191121348883824,-0.0199312711352015,-0.0123478216682946,-0.012741312987284,-0.0399171334980769,-0.0162364900439751,-0.0096432655209493,-0.0153643988085517,-0.0175734244464361,-0.0379733167515264,-0.0134525548311203,-0.00980608446191411,-0.026693779402692,-0.0179194573752068
"2016-01-19",-0.00216311915548173,-0.00429186138928617,-0.00483880381464441,0.00342275738492615,-0.0140303994326108,-0.025815657363826,0.00973746783499307,0.0101204337349396,0.000745463242908029,-0.0160842854501756,-0.0152101053052305,0,0.00777588838907595,0.00444518146996953,-0.0147658080040437,0.00134405241935487,0.00515463917525771,-0.000525999289516021,0.0201423858308734,0.00391085263806912,-0.00843304536446177,0.0132035960180057,-0.00389477455030107,0.023339556281426,0.00627977176555228,-0.00455446705200757,0.0302919839926414,0.00990319603871259,-0.00612561586730831,0.0101727918617793
"2016-01-20",-0.0103330588216856,0.0062260537392409,0.00134488924705622,-0.0310962959082388,-0.00372688469806681,-0.0310391232722581,-0.0398322851153041,-0.012881608439008,-0.0152176224835838,-0.00807966914544034,-0.0421466219333344,-0.0171990171990172,-0.0195766283826273,-0.0275551348103685,-0.0487861989791103,-0.00704694654519955,-0.017948717948718,-0.0263111744013743,-0.0146383063829787,-0.0153876314764317,0.00454905054293797,0.012345696159122,-0.000977549658600529,-0.0117294534707629,-0.0199508316953322,-0.00480990156757166,0.0196304757571422,-0.0100289950975929,-0.00994535663181617,-0.0274936216832861
"2016-01-21",0.00584103357997057,-0.00618752984590709,-0.00506248574168322,0.0103160554307848,0.0149634073293079,0.0262091658821539,0,0.000241614300589443,0.0159930406743782,0.0145860955751829,0.012571713582946,0.0210714285714286,-0.0136585756097561,0.0322857808027286,0.00861646964864216,0.00236566407570127,0.00198435509138384,-0.00468380488862574,0.0177923390723125,0.00731946602016742,-0.00610358326238269,0.02574525701651,-0.0026092628832356,0.011736766141718,-0.0091655087474094,0.00872330522873255,-0.0112379213238268,0.0326429776066177,0.0124504527447649,0.017094033530572
"2016-01-22",0.0127759078388467,-0.121008909977792,0.0531671323000893,0.00980550227219612,0.0216116773598873,0.0307217508677946,0.0205240611353712,0.0161875336116823,0.0306318346298182,0.0220313849508702,0.0333333612235724,-0.012242042672263,0.0343554711911167,0.0211279402667781,-0.00333580657925936,0.00910316925151711,0.00844275571309661,0.0307692488687783,0.00475225745934349,0.00844461934189389,0.0358558042789223,0.00528401576479509,0.00425111183780258,0.00834202283182983,0.00428434287101309,0.00911532078999655,0.00731279295154175,0.025506911391038,0.015930674005888,0.0130898187929893
"2016-01-25",-0.013976468922693,-0.000726498352224825,-0.0195227375177034,-0.00481501480767976,-0.0503443752049852,-0.0317213546597874,-0.00855802274034978,0.00237753204047708,-0.0166150770564484,-0.0319693082948737,-0.0338252187540812,-0.00708211756373933,-0.0365931783973406,-0.00855329898088475,-0.00342855510204088,-0.0110257266956231,-0.00361755038759692,-0.0226514658006767,0.00675671441289327,-0.00837390490258638,-0.00956205757196293,-0.00295663595669127,-0.00683813112465426,-0.00659259298613502,-0.0102772640127717,-0.0167920791382068,-0.00830932374163684,-0.00021262754650031,-0.0132049386466961,0.0121231777336606
"2016-01-26",0.0524096215245522,0.00127226463104324,0.00553093311482433,0.0322554063018239,0.0215852184424106,0.039930820125242,0.0237375485541649,-0.00189748576850091,0.010284352919673,0.00886954108814719,0.0367666111070581,0.00962902961380063,0.0220354824654407,0.00402594695609193,0.00417753925004027,0.0114865202702701,0.0495850404650406,0.0255120733021919,0.0103188173737958,0.0104085432210739,0.007337265739771,0.00675453036648221,0.0055737704918033,0.0255042296813071,0.0114615789290444,0.00883392205338218,0.00511555843487987,0.0259409106089925,0.00195147761225201,0.00866822681373947
"2016-01-27",0.00531844181046037,-0.0103467053911781,-0.0657065719713285,-0.0892898480310074,-0.0141987829614604,-0.0098668802948092,-0.0122259280027796,0.000237595045741834,-0.020255500787021,-0.0374111492220567,-0.0183832601714442,-0.0109501593412279,-0.00472642288235203,-0.00515545839170517,-0.0132963296613535,-0.00434208402331038,0.0096857481715753,-0.000700788342649417,0.00365359960142819,-0.0209912921090128,-0.0182096422545386,-0.0250368020776173,-0.00489077274209337,-0.000126824010324045,0.000581094430992746,0.00186802097214178,-0.014303238103749,0.0161657823834196,-0.0134946165899256,-0.000781234374999995
"2016-01-28",0.012160796726332,-0.0300806859867939,0.00717189054103806,0.0122662547218004,0.0473251371742112,0.0315763833404203,-0.0136576611182244,0.0114041339985744,-0.00837575275657321,0.0106878937172152,0.0225793196629125,0.00749996428571431,0.0217277971524343,0.00584024841655029,0.010416683287175,0.00536732658058803,0.00107667380279275,0.00420753849566036,0.0124927108672281,-0.0232280727263862,0.0163998434908268,0.0271903146293953,-0.0104848951507208,0.0129441238726855,0.0112283711398389,0.00745832670920232,-0.0084572686111053,-0.000407933926329318,-0.0222817925662507,0.00422204840935025
"2016-01-29",0.0249795874636363,0.0117246404741935,0.0345413980036731,0.0179645365991943,0.0189914859531275,0.00640133860338299,0.0294244902888581,0.00822170542635647,0.0244841336949013,0.0144203043422535,0.0111702821449613,0.0315491326320148,0.0286514711403472,0.0284592985644365,0.021027654876226,0.0350350695707398,0.0212183931128893,0.0387570013749476,0.0114397943644335,0.0298779871976018,0.0582020542028034,0.0132352448817772,0.00960261557607223,0.0234277374091707,0.0246003635053091,0.0143436095203104,0.033937934115764,0.0195879012278271,0.0744265952855447,0.033322951832405
"2016-02-01",-0.0150331390728476,0.0224299252336448,-0.00934863403939312,0.0119037795364298,0.00739072919695616,-0.0136463511779072,-0.0130307266485613,0.00186397958359641,-0.00699225631392186,0.0102350458769918,-0.0200384976246242,-0.0158075945017183,-0.011822258131001,0.00596374036317204,0.000320546515581777,-0.00644745325596385,-0.000670231699153034,-0.0107562857142858,0.00670546135648298,0.0015788830305461,-0.00689782174623343,0.0185454287548921,-0.0104952443424072,-0.00697758582500718,-0.000280259713375752,-0.00148254073480369,0.00633896296148095,0.0158094253390149,-0.00147672174726055,0.0171790081799426
"2016-02-02",-0.00578229693491028,-0.0190128150089065,-0.0202218915275331,-0.0332346254234061,-0.0323764428648096,-0.0474850856198256,-0.0276831345826236,-0.0130232790697674,-0.0213347236713669,0.0540337908824351,-0.022283457566084,-0.0139664460183815,-0.0497964127703004,-0.00980163607933537,-0.015140590961458,-0.0330954250486697,-0.00919803556966459,-0.0310907572019919,-0.00529655721614186,-0.00669950738916258,-0.0312556942287644,-0.00965802723242559,-0.000994398409015607,-0.0110946988007384,-0.00915805047830942,-0.0244403842951205,-0.0173440505422733,-0.0167454301318137,-0.0131755181436751,-0.00948146666666672
"2016-02-03",0.0314466028080951,0.00838615355944849,0.0197924951378337,0.0370150281743113,0.0428548225763912,0.0416051832005215,0.011826544021025,0.00659759676243166,0.0216923962083635,0.0459237807048773,0.0521518596139889,0.0152266288951843,0.00646009241516343,-0.0118144490735479,0.0144785990812004,-0.0154362085716848,0.00705922997546748,0.00666317739195477,-0.0200080359824454,-0.00714146002777216,-0.0158490566037737,-0.000959184667612911,-0.0155938624948195,0.0109697954254575,0.00811091208253245,0.00632171637372303,-0.00992269959402969,0.014225586054899,0.0133514301539119,-0.0088244689078002
"2016-02-04",0.0060319825325994,0.00498983542802001,0.00259470685199181,0.0142774920584847,0.0425161846056581,0.00200895762199393,0.0190476623376623,-0.00444761225543999,0.00304815012663595,0.00578624934602612,0.0172018214627234,0.0177886292291594,0.024954232215612,-0.021649567641574,0.0234926313061847,0.014655760054533,-0.00230456118978839,0.0172444173488939,-0.00666828841139133,-0.0291708097736425,-0.00306748466257667,-0.0371260029724435,-0.0225817323896192,-0.00493219494284081,0.00561323796064395,0.0251280133216381,0.0128602838137473,-0.00375343745068035,-0.00941109207089641,0.00226348282466349
"2016-02-05",0.000195509642915592,-0.00735566371173846,-0.0267080854390908,-0.00849448257831509,0.00242577323265269,-0.0225262882117433,-0.0276126581303034,-0.00211615335330706,-0.0160326731635755,-0.00355328269215838,0.00313165468792054,-0.0219327964359149,-0.000127829250181177,-0.0386425642916145,0.00720724626388969,-0.0245212966073228,-0.0323387962976169,-0.0111301708517065,-0.0435935838357837,0.0162585099814776,-0.0353846153846155,-0.0498587352454292,0.00103451724137926,0.00619578709525848,-0.0111638014915583,-0.00317756457634255,-0.0217162527596213,0.010707931786635,-0.029044503257329,0.00873233991967282
"2016-02-08",0.00280180489475601,-0.0292700629862912,0.0105297280534906,-0.0252121169257852,-0.023291000153161,0.0375241446980263,0.00174753174956455,0.00494823291583968,-0.0189563254748387,-0.0125657499162125,0.013486538124712,-0.0129642952710478,-0.0461430367089982,-0.0393369578287384,-0.0123668345137448,-0.00757579175014489,0.0145215733586475,-0.0209523636363637,0.0056325908902497,-0.0111380921195202,-0.0149521531100478,-0.0372572516094893,-0.0161902164591726,0.0174877592667892,-0.00649170188642678,-0.0120673616606266,-0.0152166486285655,-0.00451243860089401,-0.0526978466215006,-0.00149250746268659
"2016-02-09",0.00545816135639354,0.00438929372559937,-0.000210546253856525,-0.00493851171893767,-0.0100650662723732,-0.0357018266240684,-0.0122110771914523,0.015240257198581,0.00217104856151606,0.0159931206881128,-0.0133070717936388,0.00390489882854084,-0.00670016750418756,0.0179705233432368,-0.0229170178866668,-0.000347015961138064,-0.000294107843137326,-0.00601344170474982,0.00827228759313337,0.00675809925217696,-0.00263106658571144,0.011627888596877,0.0189075987012464,0.000242023714281503,0.00303030308769525,0.00530074908159417,0.010361816315992,-0.0116279065184112,0.00826331746775777,-0.0162930338925851
"2016-02-10",-0.0147990689285553,-0.00646019368306683,-0.00757975592335514,-0.0211978134555303,-0.0279993899577663,0.00144721421725058,-0.00618101545253846,-0.0173210165663052,-0.0375866767764298,-0.0198036892415814,-0.00911593383826337,0.000707142832137908,-0.00688029679595281,0.00412788508582573,-0.0312726525348592,-0.0201318646349138,-0.00235361378490129,-0.0120996617064116,0.00452951876712215,0.00752642392188774,0.00872564952771215,0.0310704022988506,0.0134020618556701,-0.0123426429373505,-0.00188818923504896,-0.00320952552062193,0.0142136914640629,-0.00338987025364434,0.0266354448518824,-0.000303859605040424
"2016-02-11",-0.0116759530011668,-0.0225664558698325,-0.00604646248158902,-0.0680646178406271,-0.0117476506557396,-0.000602155580417207,0.0964015992892047,-0.00329022334407114,0.0164321894526096,-0.0222759627007425,0.00315059869314682,-0.0300352660789847,-0.0444202552311419,-0.00927145090052561,-0.0194692067648023,-0.000354268508678701,-0.000294957231054105,-0.044128242074928,-0.00689125398254853,-0.0137290735661028,-0.00040233354259378,-0.0245601811531092,-0.0122075618853847,-0.0210732778336212,-0.0184449865830023,-0.0264488848487682,-0.0188042845273069,-0.0118047418967586,-0.0239486949693887,-0.00714395793974854
"2016-02-12",0.0218358601159601,0.0303267260746092,0.00309499476291353,0.00175207484780393,0.0283341801009609,0.0294011574744224,0.0174230551053485,0.0165055647253007,0.00930134003546335,0.0314377080790835,0.0179648371347949,0.0295081592164605,0.0386665926694636,0.0269268392405801,0.027068333085589,0.0148830621857923,0.00117997053628227,0.0832862634256641,0.0102801076772012,0.00368476985403343,0.0163010870658298,0.00749996428571431,0.00789570916222826,0.0136420021616519,0.035848521803465,0.0152373368657057,0.0108479205157859,0.0145778905563452,0.0284795818828747,0.0131659522351502
"2016-02-16",0.0101974014589388,0.00987466767945322,0.0281945000147783,0.0365460840434342,0.032620695720643,-0.00725742713332567,0.0290720418529653,0.00579911839946368,0.0193088531144519,0.00787669493572962,0.00234483527514295,0.021231457891012,0.0197769034497739,0.0267365887207704,0.0140449189189944,0.00488833815950906,0.00491062659595354,0.0149590532280726,0.0105995081828203,0.0152967573994851,0.0116831683168317,0.02428222347686,0.0153269068349147,0.00592669480001717,-0.00111633642415732,0.00616644582314518,0.0297800214630657,0.00259431246070019,0.00965634790276471,-0.00423085524327604
"2016-02-17",0.0070082685463142,0.00808576532531013,0.015314611085623,0.0332149028990214,0.031436942668869,0.0412687192847239,0.0239937693498451,0.00299817797513424,0.027876395312608,0.029561620292871,0.00960353349416976,0.0166319814056832,0.0128841628537333,0.0149041195679476,0.0273749393412897,0.0239749123010802,0.00175918686473819,0.00719797796736854,-0.0045309699614029,0.0164724591497079,0.0260324525347426,0.00657548007310127,-0.00603824240316142,0.0120289184727027,0.0168575668196638,0.0189639216363118,0.0273556313094985,0.00159231681559246,0.0130801832090066,0.00318663116277285
"2016-02-18",0.00102160646857397,0.010072766087059,-0.0189563895549412,0.010572494776431,-0.0169491371707067,-0.0178914623007917,-0.00113374909802533,0.00275923188046767,-0.00345551832460722,-0.0103959904421118,0.00548776829268283,-0.00886162235855492,-0.0212667679704946,-0.0102301626122445,0.0503568525036773,-0.0016966067762676,0.0169755902439024,-0.0163348477114175,-0.0123904333478627,-0.00553355753097062,-0.00438761939670429,0.00739212677985646,-0.00269996634154468,-0.00570035193573137,-0.00302254991756734,0.00272353599443242,-0.00718517310603961,0.0123211248012718,-0.0109676664024388,-0.0301013155331823
"2016-02-19",-0.00210487308397045,0.0103415877990181,-0.00228548717462107,-0.0204983924470528,-0.0105868869969651,-0.0026519427192917,0.00454025728339014,0.00366886026900137,-0.00168116006475072,0,0.000606464546020646,-0.00206327372764781,-0.00555061275436586,0.014336925778637,0.00475654974911022,-0.024133276682529,-0.000767402163610931,0.000172963152171635,-0.00546214057287941,-0.00397458267090622,-0.0070894617185181,0.0121160925636892,-0.00203042308055579,-0.00231766275978296,-0.00698210394087462,-0.00147123130974158,0.0019583057120045,-0.00157043583766081,0.00407076092281766,0.00842172449680012
"2016-02-22",0.0079897732436518,0.0168159754490216,0.00874631394474901,0.0193643185354526,0.0288902485139175,0.0268208092485549,0.00301318278769047,0.00388391592414883,0.0143142929309694,0.00433548433657682,-0.00133334545454544,0.0134390075809787,0.0127968752897183,0.00953238541322388,0.00518486616794611,0.0222919199683707,0.00566432389921956,0.0129712902109997,0.00978288002903005,0.01296889491159,0.0160170204554226,0.0145000334766476,0.0189894540522211,0.0041569384502147,0.0116569714740298,0.0469228137734508,0.0305064326988442,0.00412896177489275,0.0213896130489251,0.0150014373645879
"2016-02-23",-0.0097019596011787,-0.00934747421629567,-0.0226052339782793,-0.00417409493290821,-0.0227306350536511,-0.0440215717180814,-0.0191512586988832,-0.00568957682497895,-0.0102729684464158,-0.0232441972438984,-0.0140793301866651,-0.00646042162529747,-0.0260769486023165,0.0136752220378547,-0.0102415336699848,-0.0187393867120954,-0.00639616229116946,-0.0418303056172101,-0.00654369009167488,-0.00453021469371684,-0.0279202648463337,0.000664799756184165,-0.00299500841913503,-0.0038962499901225,-0.0131686696510045,-0.00833609369916333,-0.000989486294784014,-0.00861560603093792,-0.0124554616056791,0.0129514861931197
"2016-02-24",0.00672346169844995,-0.0085284338862559,0.0148906533975994,-0.0112062102445473,0.00152018853025515,0.00423970066000701,0.00765692926275152,0.00503550022969779,0.000524250383442615,0.00322961063302363,0.00357003556924651,-0.00889801536269741,0.0044855012218481,0.00867262513990696,0.00302121614899775,0.0135417365813102,0.00845500560232515,0.000356379193805711,0.00136865694835486,0.000395726149669207,0.00351701836654938,0.00315567186772414,0.00200270367165234,-0.00305586121637602,0.00528217013132526,0.0219432646712503,-0.00784155992007329,0.00375269595590177,-0.00415805948279813,0.00962695504090161
"2016-02-25",0.0112581350257084,0.0137262081575076,0.00686788775999769,0.0106410938884365,0.00895573811273853,0.000351893996196617,0.0106382978723405,0.00569346390343894,0.00230537566802891,0.023720738732633,0.00601085645280386,0.00932323927221135,0.0184803657389443,0.00995143690827605,0.0128011819397322,0.0147310717803675,0.0135289444886524,0.015496954319504,0.0111908852074301,0.00870251169496616,0.0144080409967282,0.0327814393118728,0.018987341772152,0.00956348723794731,0.00728239286645316,0.047644471235504,0.0083194677617171,0.00570643447461627,0.0197633825960579,0.0137067633921293
"2016-02-26",-0.0045285928508525,-0.000180501898907837,0.00155024800433545,0.0114706728299949,0.00601778236771811,-0.0111372211792302,-0.00714285714285723,-0.0230978487318839,-0.00355466798631121,0.0180403845759811,-0.00317036938982151,0.00581594252480322,0.0134907251264755,-0.00472961528669702,-0.0183643197026022,0.0060769072897735,-0.00564013928295182,0.00929666757750103,-0.0110670352859584,-0.0070588431372548,-0.0153550677679488,0.0035267232522167,-0.0117685518143184,-0.015059485793514,-0.00741281250332615,-0.00387476292444155,0.0010726485414021,-0.00176092737701172,-0.00736991977766843,-0.0224867574590424
"2016-02-29",-0.00884570016185771,0.00361143005396469,-0.00227016810359426,0.000169228159470958,0.0124120526807812,-0.0107883345770796,-0.00870882241575166,-0.000231757075376926,0.00220332603511353,-0.0104047963064476,-0.0195718409785932,-0.0088435714285714,-0.00479201996672207,-0.0169491443537282,-0.00757403626125908,-0.00704694654519955,-0.00538854230845665,-0.0215502603136902,0.0011105757920824,-0.00849131138410963,-0.00818709567616172,-0.0161341538701008,-0.0185246443929871,-0.00998763279870851,-0.00866680811973819,-0.0109530041774388,-0.0183796584788649,-0.0056840454723639,-0.00467487949917988,-0.00255609675068125
"2016-03-01",0.0173392049894565,0.0219502870834729,0.0397145198114692,0.0150617617194109,0.0205317438935781,0.0322386737239051,0.0248281130634072,0.0129839551823798,0.02229904802028,0.0340069005093955,0.0140985274086456,0.0253946474054443,0.0342405874021305,0.0127295678521697,0.0254903153895314,0.0263602906387292,0.0191046670383488,0.0515098055330339,0.0141649967716528,0.0306712015668431,0.0334119686829408,0.0215943822049034,0.0124705426356588,0.0117075848585428,0.0242745542487319,-0.0162492232586662,0.0215785058199582,0.0143898876404496,0.0310816415400144,0.00180890876146567
"2016-03-02",-0.00112784011849987,0.00563380291608806,0.00218841144124537,-0.00258416974478293,0.00419743836719877,0.011726483631481,0.00260901975400674,0.00183110555804777,-0.00665644635624274,-0.0125515890141656,0.0174704480495871,0.0100401944457895,-0.00290977702850737,-0.000875107419453625,0.0143633852185527,0.00559762905506656,-0.00167879125462789,0.00945940862399652,-0.00311312584119694,0.010048309178744,0.00703687687193311,-0.0111251910720022,-0.00199737010661216,0.0162501532838797,0.000635612475318625,0.00504993145555188,-0.00328758943515395,0.0128254957797413,-0.00455514475556196,-0.00376166120616406
"2016-03-03",-0.000188187687392372,0.0169818105213904,0.00744416873449127,-0.000334316751620323,0.0341597449189857,0.00447555662698607,-0.00111520446096658,0.00434084989718997,0.0187628865979381,-0.00386165715650344,-0.00362750920051413,0.00132534791252481,0.00732817783388162,0.00963458108558268,0.0110051354877814,0.00130972490799852,-0.00364348838150708,0.00334673705979704,-0.0151080431691075,-0.0032523818634016,-0.0113315012024268,-0.0120540017349083,-0.00300203468979321,0.00351293748590176,-0.00362970971768717,0.00607141218540153,0.00453535922821868,-0.0044128934077684,-0.00524897690784754,-0.00105724212441072
"2016-03-04",0.00432928835709334,0.00344295059390598,0.0148768669950738,0.0122063288002145,0.0151915818815331,0.0045698732385453,-0.00260521017472226,0.00341223847616545,-0.00344056871078724,0.0205136488450979,-0.00133496355983098,0.00794176068635877,0.00972119990058329,-0.00977921901153278,0,0.00163502289077844,-0.0014064884874545,0.00150100069214476,0.0041991429565662,-0.000383800398610412,-0.00611268409217514,-0.00341634938317315,-0.00602208116500769,0.00784647551165985,0.00546447161754626,0.00926021216043904,-0.000164152027581577,-0.00154168436195201,-0.00013532674142458,0.0096764440531667
"2016-03-07",0.00312363327378384,0.0121804595611519,-0.0110668767873628,0.0151152391178657,0.0264964457164441,0.0311611281701354,0.0126865676375585,-0.00226712758405956,0.0092404140158282,0.0242165083887305,0.0263701297074963,-0.00558102447738096,-0.00950006400153192,0.00485823518410711,0.0170536353326494,0.0101208622305211,0.00225350234741795,-0.00183180685814832,-0.000255999317289701,0.010752630155429,-0.0192196813226924,-0.0328109380610819,0.0026927634699685,-0.00467121822185212,9.05978244456485e-05,-0.00082476288659783,-0.000328415427050532,0.0077204785230558,-0.0265223267517637,0.0166217432857403
"2016-03-08",-0.00230435314111932,0.00728813559322039,-0.00824584249791371,-0.00447521554963037,-0.0406579393068587,-0.0212859826025363,-0.00331613866308544,0.00704389943394212,-0.0157963478800318,-0.0182352034961397,-0.0216670852671925,-0.00759333088169922,-0.0241390399431333,0.00435922175412884,-0.00770593682651166,-0.01228190005553,-0.00487162272571906,-0.0193526863422204,0.0108407680607636,-0.00360938456704762,0.0121497748804582,0.00945149367088605,-0.0144343734664527,-0.00048134778535136,0.0039850917857045,-0.000206314490431625,-0.000821271339992213,0.00478835481303119,-0.0183486094426298,0.00220948596567228
"2016-03-09",-0.000686647952933384,-0.00639409389197376,0.000890864108590073,0.00416839401991642,0.00195176347615655,0.0459770350682225,0.0207024776599807,0.0110559792418772,-0.00163561643835608,-0.00125921613819002,-0.00278343226855016,-0.000332668008405479,-0.0111477700073443,-0.00544509149743455,0.00963541333538576,0.0101440448345564,0.00583689506837803,0.00578428046587764,0.0103023224168606,-0.0017159198910216,0.0230396506083388,-0.0247450087820597,0.0129427447907784,-0.00120393694206444,0.00433021207632311,-0.00309601644796664,-0.00460304111119381,-0.00228743809164011,0.000849575155073445,-0.00749562011323313
"2016-03-10",-0.00124927856204093,-0.00508042345606141,0.000494412564445934,0.00065115578177477,-0.00709617335065371,0.012066386554622,-0.00833038723902979,0.00937288530745617,-0.00634858667423355,-0.0203309847071556,-0.00266992711966185,-0.00366049928986689,0.00740444246802907,-0.00111084663263383,-0.00156685416802638,0.0123096529864057,0.0028079652867079,-0.00862648864388516,0.00284189236745136,0.01298701273898,-0.0149508137774415,0.00942909276773207,-0.00504371217215871,-0.00819672141027861,0.00179643399269858,-0.00434780547303937,0.00817504555202397,-0.000382116927780007,-0.00650819185059437,-0.00177691399047708
"2016-03-11",0.0124460942675972,0.0120850893617022,0.0107739845957098,0.0137465021352448,0.0201793999414324,0.00681285912682839,0.0175311182443798,-0.000663254477116904,0.00927453617812724,0.0268661840411841,0.000121708444877022,0.0133600195938537,0.0193351736369971,0.0204147114180213,0.015478985441487,0.0163200000000001,0.00532014192010588,0.0124551951466441,0.0130855139251831,0.00301659119501152,0.0195965613755342,0.0203804514201689,0.0307536329841163,-0.00644140746768851,0.0189186767588871,0.00592638802245782,0.0246539610010308,0.00401374235473995,0.0200796921093751,-0.00356039142202091
"2016-03-14",-0.000432462304408743,0.00185000003111324,0.00254248968232962,0.0137206053210448,-0.000961538421914709,-0.0033833790783806,-0.00574300051173726,0.00199115039842579,0.00888294856273308,-0.00830335239532032,0.0026767489310926,-0.00230718523401452,-0.00292319731163826,0.00295803346795731,0.00295025285929862,-0.010390428211587,-0.000464163034668674,-0.0037074654533199,0.0111065320171155,-0.00225562025835302,0.00188426606368952,0.0121504489963233,-0.0131147540983606,-0.00709482568807329,-0.00721576035916727,0.000826894056847438,0.000959256610060022,0.00019040548620608,-0.00195447446409924,0.00282868848678519
"2016-03-15",0.00370808978070669,-0.00570757092496232,0.0200936896242787,0.000158342572687653,-0.00398736405936884,0.000106036492551809,-0.00144407937024982,-0.00110397436290632,-0.00576864701484958,-0.00742491322946148,0.00497507559883137,0.000330393128510131,-0.00951205910769237,0.00675264690321775,0.00126073680670058,0.00699968183264388,0.000928831472085001,0.00135321382532494,0.00431243280207605,-0.012434136682964,0.00789922918560215,0.00970236787202161,-0.0186046179401994,0.00172477520573544,0.00975002659102997,-0.00557679426671898,-0.00295482348702425,0.00247424814476127,0.00587503163729286,0.0108372177726066
"2016-03-16",0.00295545217768733,0.00793518487253086,0.013291250462971,0.00957580714169182,0.0262285194304659,0.0119868997131718,0.0079536876355748,-0.00419988929266624,0.00203587137695194,0.00525223602571256,0.000603755131610706,-0.00363279380340831,-0.00980073676117033,0.0057049569043659,0.0128006848796531,0.00126385466034762,-0.00324793980608873,-0.00472978032551052,0.000729133922060976,-0.00915679165039263,0.0141817130061579,0.00749184014684556,-0.0169262011873323,0.00036893371956559,0.00667136598791029,0.012462322022408,0.00040051262155405,0.0102525350390179,0.00639687073303463,-0.00146861515456687
"2016-03-17",0.00527964273607751,0.00636517577277762,-0.00160420872318379,0.0245355255937916,0.0209847468918347,0.0156184168633455,0.0111191539138864,0.0159822645057108,0.0117837868390127,0.0226408486383787,0.0148424635630822,0.0261849187935035,0.0157433978358161,0.00329634350240737,0.0155397479713946,0.0091511199384311,-0.00623783609578865,-0.00288523431382326,-0.00291445117182121,-0.00789372367912455,0.00570380885754584,0.0213384897940756,0.0103305437214001,0.017334694730007,0.0100279211719567,0.0138475538793221,-0.00296239386769581,0.00789329088316637,0.0106397121470343,-0.00794235940409949
"2016-03-18",0.00964886717557256,0.0189746831233462,0.00113416820980627,0.0249426937630304,-0.00566536216955571,0.00825681709419768,0.00496626445667747,-0.00371426698710953,-0.0040160743778328,0.00418029132561015,0.00118904877976322,-0.00129195740607091,0.0306716491878454,0.00359108329801794,0.000340063944372027,0.0218886804252658,0.00712012379839089,0.0294468085106383,0.00746994129685152,0.0139724629142726,-0.0214050128064398,-0.00300724912947137,0.00374918200409002,0.0048338610271903,-0.000604333927232359,0.00212471679986725,0.0175861400271913,-0.00727203044430302,0.00875034192986512,-0.00741289877299767
"2016-03-21",-0.00296380568603627,-0.000163377978383283,-9.43542313889267e-05,0.0141832927793144,0.00556509864098187,-0.0127955775863328,-0.00494172255559477,0.0015350877866267,-0.00745965748365895,-0.00447118401987079,-0.00688829003164926,0.00549805950840865,-0.00831226491196957,-0.00258858762442693,0.0104698418783016,-0.0104039167686657,-0.0020465209302325,-0.000330704365079204,-0.00217604767607915,0.0105262966507178,0.00691716182773749,0.0274646601852784,0.0210525969082309,0.00204447379327766,0.00233238593067764,0.00121145882246965,0.000157804607340495,0.00375651751478157,-0.000135565195656939,0.0152353106154732
"2016-03-22",0.000424702752358508,-0.00980228736811461,0.00764797440664799,-0.00544682757657289,-0.00448011601634091,-0.00974701348513041,0.003192621383731,-0.00372231240299159,-0.00893760927216747,-0.00991172371070148,0.00597943054367023,-0.00096497266001927,-0.0133725516258741,-0.00320585463727396,-0.00356589505598148,-0.000618429189857883,0.000932121559769961,-0.00363871987493758,8.07850752084782e-05,0.00435606068856176,0.00389897876162326,0.00278122678026538,0.0103092450947788,-0.0069611377820451,0.000258545206054839,-0.00514262388106534,0.0100994636278913,-0.00430389229610573,-0.0109800465357212,-0.00147120786418697
"2016-03-23",-0.00388090464178259,0.000329978545949849,-0.00552852318657671,-0.0167258295117608,-0.0247518587126991,-0.0200000418848167,-0.0159123403142737,-0.000879142857142745,-0.00768600107222794,-0.00281557954012202,-0.00439851387071388,0.000321989707726678,-0.000778177706449612,-0.00283325684457492,-0.0182310053383794,-0.00990099009900991,0.0104302759479495,-0.00498012931672875,0.00298822484251349,0.000942919120175745,-0.00184943591640463,-0.0379045134698147,-0.00625404892212156,0.000966908411092593,-0.00146475101610799,0.0045610884021452,0.0138258783369511,-0.00563801927528707,0.0130209020425014,-0.00604101932926093
"2016-03-24",0.0011566506079832,-0.00263895756821775,-0.00433429768211524,-0.00556981781145716,0.0218512622149836,0.0134629987589698,0.00467118217750628,0.0026397492881598,0.00402766696214685,0.00313727058823532,0.00274630447761193,0.00128744769874478,-0.00700935868367925,0.0018430809257941,0.0175378480414519,-0.00375003124999995,-0.00175117050691254,-0.00767432445235783,-0.00724696823823223,-0.000188432547534534,0.00444687781273156,-0.0126520982167216,-0.00364362359577264,0.000845194397488758,-0.00431443614043003,-0.00050452022495695,-0.00924568198412645,0.0122850311850313,0.00311182502439045,0.00800475849399285
"2016-03-28",0.0110664716194497,-0.00314208693332096,-0.00454240568832032,-0.00628218310180817,0.000398446003473829,-0.00179228258918884,-0.00214588705815055,0.00482661233757731,0.0089487244502291,0.00375294755663891,0.00285779937397712,0.0122146894177213,0.00549016993464058,0.00475237595227185,0.00304154788188327,0.000627383959453498,-0.000738574475830034,-0.00134495628782783,-0.000973339273474427,-0.00452229131335968,-0.0123593066290225,-0.00502841832835621,-0.00997337101063833,-0.00325728077279874,0.00745299425819379,-0.00151417325891723,0.00256631161260779,-0.0029872852317534,-0.000809239287958619,0.00176474999999998
"2016-03-29",-0.0113663700467067,0.00530854355190025,0.0236714321956188,-0.00312276656150023,0.00916093998937884,0.00675961132234892,0.00716845878136207,0.0148471837302877,0.00071371192634162,-0.00856835929059485,0.00368081211492743,-0.000317561130517507,0.00773532911428298,0.0106042033780256,0.00626690052292056,0.0150470532915361,0.00840798276610966,-0.00622900652427594,0.00649511255167834,0.00927499491671413,0.0218527825578487,0.00244541897619821,0.00906642011194037,0.00217864915836441,0.00137637849462369,0.0122333328386075,0.00705867215418365,0.0121722280085308,0.0175485281439383,-0.00132125654780124
"2016-03-30",0.0143561105563363,-0.00511546221503179,0.01745911961367,-0.0175733718836579,0.00657808165825324,-0.000734368443138789,0.0128113523131672,0.00215150602409642,0.00764058648571364,0.00832807995487239,-0.000118324856480889,0.0111181702668359,0.00948204224654603,0.00717141234112306,-0.00616083832905878,0.0101914141386223,-0.00146597032679108,0.0115195665173569,0.0150036378559035,-0.0018754501125281,0.0062145861124947,0.00894452727453166,0.000665590704345798,-0.00144931154169159,0.00876209917491289,0.00129841186680757,-0.00115542630893595,-0.000184976876687837,0.0185725929386811,0.0113185949039922
"2016-03-31",-0.00071961019490252,0.0184110297161879,-0.00520262879157773,-0.0127547050434794,0.000392092526673826,0.00157482414698173,0.000351370356689085,-0.00407906809450109,0.00404401965245094,-0.0132460343851032,-0.0110033250474442,-0.00125664467483499,0.00306706709265181,7.49138071491906e-05,0.0204837471738093,-0.0110058395293746,-0.00715733142345387,-0.0082062972400988,-0.00119210043404427,-0.00582489654594343,0.00326977299309306,-0.00918762074165658,-0.0143,-0.00447510885341096,-0.00613132078685186,-0.00149627930174567,-0.00601479828889262,0.000740210941150954,-0.00390721547157102,-0.00450588643142946
"2016-04-01",0.00540115209142544,-0.0048860584727668,0.00917515385219114,0.000157531114581166,0.0032662659620295,-0.0119496852840737,0.00772750290577795,0.00948486763278433,-0.00241665496760957,0.00931775110549582,-0.0075367511681661,0.00440386900270928,0.0180915471548362,0.0106423823315347,0.00706508432614883,0.00309128303500983,0.00914976920008614,0.0109759876566027,0.0106619748567791,0.014931033831034,0.0061560745971394,0.0019521554912616,0.0134953445848631,0.0148220268453902,0.00591211555061366,-0.00129867135461881,0.00791314233885854,-0.00129445261485006,0.0145135062298574,0.00832238307263489
"2016-04-04",-0.00674509047182659,-0.0078559577039593,0.0102737068874208,-0.00488345151924585,-0.0139341058219287,-0.0088054528155006,-0.0191705117054545,0.00128116586456706,-0.00393661047744009,-0.00172118604287275,0.00241086068479834,-0.0219229564672722,-0.0128269485058902,0,-0.00295041298320442,-0.0138675188330503,-0.00549506354986606,-0.0111908804274408,0.00433005048803459,0.0130354001296946,-0.0025193449703077,-0.0263029550251664,0.0226364173556453,-0.0038309589827723,0.00136282791545428,0.00300086022805979,-0.00330967523567849,0.00759118709835893,0.0030932596001163,0.000579206503886764
"2016-04-05",-0.00354564916630939,-0.00709336864225285,-0.01178910155357,0.00546147713982825,-0.00633918375146347,-0.0081344536016269,-0.01990046268303,-0.00767754334991577,-0.017024726388326,-0.00987462397922612,-0.0114238209993353,-0.00800512327889846,-0.0153387712406979,-0.00200225426760459,-0.0136121977031276,-0.00312500000000004,0.00331523172723935,-0.014189188949507,-0.00148940189699764,-0.00294117636245683,-0.0156954537254195,-0.00500255119222037,0.0208333991156706,-0.000600829234476907,-0.0121640100742431,-0.00408892003856354,-0.0189204101119619,-0.00606391054994149,-0.0110497363214767,-0.00665700453421136
"2016-04-06",0.00603099940933594,-0.00515032405964988,0.0104726438479674,0.00708494849315078,-0.000265776189946276,0.0234164027930592,0.0152284263959392,0.0038684720367177,0.00494848453608254,0.00522403055957033,0.0133803553506915,-0.00258231116849583,-0.00102995811921636,0.00639025105676527,0.000133359999999971,0.00564269592476485,0.00431391475852916,0.00771076066294119,0.00109907366381856,0.0256268242762971,0.0102638927737557,0.010725708420503,0.0500637420260286,0.00781618529022676,-0.00172218208186126,0.00510716998691008,0.00779280535427573,-0.0105379922351636,0.0161101466011413,0.00582753504993505
"2016-04-07",0.00209823154604916,-0.0170340678518025,-0.02180964331119,-0.00726960056280779,-0.013959093140666,-0.000527151013376193,-0.0142857142857142,-0.00749299951815474,-0.0135412285533064,-0.010866125984252,-0.0112830995386651,-0.00873789644012934,-0.030800940385322,-0.01159190030136,-0.0117984532249445,-0.0165212894936853,-0.00137087372273581,-0.0253358438133677,0.00486199823232414,-0.00377499543816295,-0.0119738753986551,-0.000165843141007427,-0.00516252657151528,-0.00680109788333361,-0.0123350297593375,0.00518079091817913,-0.00906034530235378,-0.0284005979073244,-0.0080551976480655,-0.0118771724815011
"2016-04-08",-0.00317060892149756,0.0108732414054835,0.00110561082452909,0.00692911023622056,0.00242685728534053,0.016246449876079,0.00326090579710137,0.0110008194348401,0.00270376444659881,0.0062092022574558,0.0101978386476447,0.00522370242323533,-0.000864337454575037,-0.00186748344914778,0.0074199392917369,0.00253565776658182,-0.00155577015344843,0.00732732030704808,-0.00140471360546823,-0.0010825875526016,-0.000734502400560166,-0.0145937150015542,-0.00793644737096755,-0.000480550227788368,0.00637557205240169,0.00426207755240426,-0.0093797034118458,0.0034615384615384,0.00580042521782875,-0.00234539720983007
"2016-04-11",-0.000240106816296382,0.00504199999999999,0.00331302214934581,0.000234649677071763,0.00376595840661631,-0.0113153117135821,-0.00252798835218537,-0.00917431212234499,-0.00155570424301399,0.000316455691195427,0.0013219685292869,-0.00259831105559238,0.0127761379609803,-0.00456518502339398,-0.000669608275743916,0.00126465384965702,-0.0011915398935205,0.00796672989377467,-0.00312598470714276,-0.00559974700867505,-0.0020212606402521,-0.0252440264302938,-0.0187692615384616,-0.00564896654984259,-0.00390526762374543,0.008093160284248,0.00517188096753651,-0.01092370640092,-0.00269125980637286,-0.00969726740221166
"2016-04-12",0.00864399444490038,0.0147157360320358,0.0130251792246885,0.0121960515301054,0.0196971869099767,0.0238345658092096,0.000724040524111569,0.00452202852114625,0.011218458851723,0.0172413315842876,0.0123619539126261,0.00325626842254212,0.0138633445570961,0.010300053014813,0.00254609715242893,0.00599940006315114,0.00578138014332952,0.0185566663478236,0.000391995929633016,0.00526795649896394,0.00626037550616143,0.0108770894639878,0.00219504553763072,0.00120873922849962,0.00357207704802298,0.00920308409245219,0.00372042264354588,0.00658787044007236,0.0089950783860191,0.0207715275735452
"2016-04-13",0.00333272036739118,0.024390243902439,0.0144874952102951,0.0128987254738648,0.0398160194432595,0.000922941217865958,0.0213459124944253,-0.0130761194822672,0.0218798669107316,0.00761942178881747,0.00569062254156782,0.00551772169807596,0.0359018085140537,-0.00401852195198238,0.0106929823333226,0.0084745760051923,0.00246354931502824,0.042341464951779,-0.00564220667939652,0.0112034513913986,0.0128087095037983,0.0175918534174526,0.0181477477518068,-0.00446701667349947,0.00668458187890297,0.0148428305230339,0.00757096985242178,-0.012704523335813,0.0151554004771548,0.00508719454561657
"2016-04-14",-0.0025505190711318,0.00563059845559866,0.000535496246559353,-0.00221132379297928,-0.00101091877963799,0.0038934939322437,0.000708466170740385,-0.00456122926669777,-0.00854449109737154,0.00586415096307946,0.00707294572502803,0.00129115558424786,0.00663120400508443,0.00395994482844997,-0.000462818236138918,-0.0102708369041133,-0.000273113672346059,0.0129470624219605,0.00488614551884425,0.00875629036376502,0.000180722680423573,-0.00151057396741949,0.00338048545235159,-0.00545715505041411,-0.00517418079660381,0.000669142522998545,0.00172198651030064,0.00136478843117982,0.00777823369436992,-0.00506144598520764
"2016-04-15",0.0036869349741453,-0.0059190371434662,-0.0200713652109075,0.00213984705510839,0.00151796325675035,-0.00765462315815602,-0.0123893805309735,0.0058912500156556,-0.000405566270066937,0.00138074562749302,-0.00538451363689585,0.000322404900064521,-0.0148530230600205,0.00476296810162125,0.00370466383422441,-0.010691824235592,0.00309544803697914,-0.0115034510305161,0.00211745742110492,-0.00549162080617138,0.00523845727531702,0.000168061853486057,-0.0045942416787601,0.00353616623494291,0.00754162614821752,-0.00105082155139491,-0.00507892627569329,-0.000194762457267017,-0.00311216225290267,0.00377899692824135
"2016-04-18",0.00456217564025452,0.00724172847186555,-0.0215748297055044,0.00640582603500994,0.00101050905672628,0.0151187283209278,0.0103943010752687,0.00260310206521064,0.0293133899711284,-0.00873295581735678,0.00953275262407027,0.000966741831558426,0.00315417604960433,0.0132583369105377,0.00533876874941486,0.00603944710869175,0.00680704302051183,0.0064651851699562,0.00837382225992966,0.00659064849644908,0.0145552016332362,0.00117647058823533,0.00338464615384604,0.00643984180656698,-0.00189280731585284,0.00535523572726415,0.00376970071829574,0.00740023397858747,0.0171078292430613,0.0115841735182212
"2016-04-19",0.000589743428078826,0.0156574532672951,-0.00530330279205515,0.00537994994786728,0.0143848454258675,0.0182371130163257,0.00496626445667747,0.00822148402809408,0.0114307840530907,0.015146878600319,0.00501282356041988,0.00289764980353024,0.0228272538592063,-0.00994152755976185,-0.0559234187105712,-0.00157977883096361,0.0157757144144957,0.0168620523526577,7.75708151694587e-05,0.00619364736130401,-0.00123981582075483,-0.000167852946113878,0.00858626161955667,0.00543277784781426,0.00224114296627631,-0.00123653575296878,0.0210468824199497,0.00676593852696694,-0.00859419307283704,-0.00128834810637912
"2016-04-20",-0.00418503993581043,0.022809454145037,0.0020577400782813,-0.0159028196511888,-0.0080855953238661,0.011840815920398,0.003882845040593,-0.0478540578478136,0.0061379384853657,-0.0144640225334959,0.00684380010258456,0,0.0266215933583127,-0.00184583576719088,0.0146527847222222,0.0126582278481011,0.00798723819666303,0.014529343019583,-0.00240569608563024,-0.00492435798585367,-0.0141868950910958,0.00100735391189799,0.0103375193170421,-0.0207732471274406,-0.00404226380086692,0.00504760952380945,0.0262834712643678,-0.00633644368907671,0.00495358513931898,-0.00802634404585123
"2016-04-21",-0.00165738129919046,0.0090741929748166,-0.010827928987994,0.00130196822306972,-0.0135439431538485,-0.0028518044477962,-0.00703238371897386,-0.0160017808429521,-0.00348593987080292,0.00556145501800764,-0.000115230410763889,-0.00545746388443014,-0.00994124469855662,-0.00436419847083058,0.0218328791880578,-0.000937531249999957,-8.80612768434652e-05,-0.00996264040979578,-0.0214702600979325,0.000353411086835953,0.00341786292498636,0.00771558214886925,0.000300993078543588,-0.00919681143359374,-0.0605354215750754,-0.000947588372477881,-0.00724248525869786,-0.033236734299517,-0.00443624141870014,-0.0106920677747734
"2016-04-22",0,0.00487728997291148,-0.00273663298351756,0.00237110286174458,-0.00432245083536997,0.00601577897404781,-0.00318696883852687,0.0201557718735685,0.00835674829047717,0.0135198195433903,0.0085263047755928,-0.00710135571336346,0.00864984841187422,0.0078751705256237,-0.00535835890103764,-0.0103221773638467,-0.0022012855507616,0.00581765741564966,-0.00230543761582447,0.0024735689919988,-0.0717102917122677,-0.0108189410513002,0.000902466853040629,0.00185636131721423,0.0188435975839361,0.00256091245376067,0.00879962348377439,0.0103937639495055,-0.0207946525461735,0.00365123406380552
"2016-04-25",-0.00166013870128912,-0.0034885939632946,-0.00567749810749441,-0.00228922543405052,-0.0195352272727272,-0.00490148015093661,0.00284191829484914,0.00381674890397976,0.00770938636530927,0,-0.00228489663298193,-0.00260078023407029,-0.00995504647676149,-7.37874075250611e-05,0.00208752861952877,-0.00790139089448139,0.00167668549241085,-0.00578400803839296,0.0156175219123507,-0.00916462780526506,0.00637315578163689,-0.00370185091704522,-0.00180345656747816,0.00568260675784837,-0.00451100701952389,-0.00473036910303792,-0.00260945341797314,0.00415428297041109,-0.0122614332921067,0.0109138531589952
"2016-04-26",-0.0130657556400477,0.00761035042360803,-0.00694712586701318,0.0190440152963671,0.0111993877952938,0.00768396201982147,0.0077931633014523,-0.00402594506879783,0.00306014153198819,0.0239503103842609,0.00343518828729694,0.00717079530638842,0.0045429766683136,-0.00228527839079729,0.00181442109823826,0.000318604661312616,-0.00528586018349286,0.00518871085499084,0.00196139967018194,-0.00320170752042515,-0.0128574551361071,0.00557341674672207,-0.00481782610110904,-0.0228473272154611,-0.00335322651271441,-0.00380222444302913,0.00343852596381011,-0.00630415706478171,0.00499104178386278,-0.0024470706427655
"2016-04-27",0.00950777510262624,0.00045326286041969,-0.0625778449943047,0.0288201505246117,0.0132646229680715,0.015250728172346,0.00667831259478691,0.00336853813987292,0.00371818098692134,-0.00118433747515911,0.00947166527918508,0.000970873786407811,0.00651231322991586,0.00302943706308367,0.00932384613195802,0.0111464968152866,-0.00123998755681554,0.00281559518223062,0.00461987318628054,0.00481798706606029,-0.00972006239735734,-0.00453478326276802,-0.00151282909267259,0.00427399103932147,-0.0040011093570872,0.0104007248931091,-0.010727070518211,0.0247819196031309,0.00292885525186359,0.00173152950657163
"2016-04-28",-0.00453025168485488,-0.00588867555992711,-0.030566325904723,-0.0166326157479922,-0.0118200305033046,-0.0139624075871432,-0.0237430175887925,-0.00111904655326767,-0.0118731004167277,-0.0157106415338574,-0.00486095415850041,-0.000969932104752713,-0.0157560809460349,-0.0222468066298342,-0.0225958262604118,-0.0201574488188976,-0.00257155278633203,-0.00795512388152975,-0.00296184716379155,-0.0101225180230419,-0.0204161174011801,-0.0123165007592375,-0.0027272727272728,-0.0016271999202303,-0.00365198579066905,-0.0156766079485939,-0.00549695770714709,-0.0129618690841916,-0.0137125694841906,-0.00734649977950164
"2016-04-29",0.00227547904191616,-0.00622715712194144,-0.0114942948118887,0,-0.000385839228295826,-0.00214845698928789,-0.0168096930189447,0.00380905212168825,-0.00740168227820515,-0.00752898614491881,0.00420314670229627,-0.00485436893203883,-0.0010955749447259,0.00873956931332986,-0.00768344969209123,-0.0266795234111372,-0.00355619656233475,-0.00628926120406481,-0.0111788619633969,-0.0161464292735403,-0.000601262500951383,0.0068329004640777,-0.00607721057429333,0.00451355304630008,0.00705585101408923,0.00134318330586636,-0.00295308532845018,-0.00156803214425716,-0.00566428939237906,-0.0296038438772983
"2016-05-02",0.0057353983231152,0.00382087727342206,-0.00106676981153764,-0.00586059334138145,0.00154393976397404,0.0110588960657663,-0.00436518734085123,0.00401787955397048,0.010652711395454,0.00242749188727087,0.00825786180412069,0.00455281300813004,0.0126134421265405,0.0161326761978691,-0.00459091401136191,0.0108982823349313,0.00597785499682635,0.00933544289026189,0.0135188475534642,0.0083880196936541,0.0148386207106199,0.0110281813883302,0.00275145223942053,0.0106090610106442,0.00919019091555606,0,0.00318964931901244,0.00745977635374517,0.0157949382650164,0.0107670549977394
"2016-05-03",-0.00219790310556989,-0.0126370584652864,0.0164459741183893,-0.0113423629334514,-0.0190132974826978,-0.0192623951071996,-0.0186335396918691,-0.00311249444197403,-0.00555770404793299,-0.0187679430906614,-0.0114439137701307,-0.00841696369106382,-0.0182933814421331,-0.0110989339706226,-0.00784744936057125,-0.00816726533266043,-0.000532133037693949,-0.0192820188229813,0.00156003903806634,-0.00397824600322327,-0.0163999601580723,-0.00117469374056045,0.0274390862024112,0.00160549584283687,-0.0052294831762878,-0.0214621628400259,0.00272521562186734,-0.0124707716289946,-0.016186553864218,-0.00872904327439228
"2016-05-04",-0.00482227180554706,-0.00909785687271725,-0.0104013238075226,-0.0120764279539427,-0.027763265744326,-0.00720493485984997,-0.0156366338184426,0.00312221231043686,-0.00105994412275912,-0.00879222555013948,-0.00192939505244116,-0.0182826972994677,-0.0188181440408124,0.00460837693071658,0.00083254697729318,-0.0167984513570997,-0.00417074267156381,-0.0158248239158436,0.00724305329796215,-0.00490197876172915,0.00180795503832787,-0.00688842405913992,-0.00890204721358911,0.00616522826548027,-0.00543822159995966,-0.014295496356472,-0.00324632324683471,0.00315706393054471,-0.00155463138866108,0.00283585074626869
"2016-05-05",0.00364919828549426,-0.00529106737344953,-0.0100860386434646,0.00909162662611074,-0.0195312101166812,0.00825133743916262,-0.00869901631244263,0.00177859048465989,0.0121539695602193,-0.00918151231928066,0.0011371275611296,-0.00598606584635852,-0.00337357391381887,-0.00362537722327971,0.0153899549393415,0.00167504187604672,0.00588126888361029,-0.00535972064317047,-0.000386631092760714,-0.0131363070035339,0.00140364951681682,-0.0155642359065431,0.00508976017426588,-0.00367640940383351,0.00929551601306344,-0.00377467972136047,0.00212072257911622,0,0.00376282600233568,0.000297618684398815
"2016-05-06",0.00667577620132853,0.00923035072685696,-0.00557697352159969,0.00893392627295686,0.00783074587401078,0.00433842445944421,0.0122091572761982,0.0057700620113168,0.00581340893929294,0.00926659366315663,0.00533849380578721,0.00769494840063389,-0.00426247730372009,0.00764831822452394,0.00559836140098069,0.00468230769230771,-0.00124024631219655,0.00587844526850279,0.010055716352535,-0.00905901275651699,0.00901081315600361,0.00412443725939915,0.000297944593387056,0.010209027913566,-0.00270883069977434,0.00827601946080336,-0.00204069990236111,0.00550745476003134,0.00465356767510894,0.0154739029232838
"2016-05-09",-0.00219074546859332,-0.00821581124737836,0.000754961165283063,-0.00870470541440438,-0.0351690562272483,-0.0148242979106195,-0.00075390121545782,-0.00176518093556932,-0.00189506346508372,-0.00264559593384395,0.000677866892376588,-0.00830013252655604,-0.00843570002760974,0.00397942529062845,0.000339486742999551,-0.00798941384855478,0.00869259373235032,-0.00633115280295948,0.00191453512154172,0.00932835855702829,-0.00635044664319206,0.00496322094814317,0.00714705139088445,-0.000121685137770111,0.00325940253307566,-0.0101859866440075,0.00477131955013044,-0.000782413943317906,0.00643335040615867,0.0102563663003663
"2016-05-10",0.010325130303225,0.0134416380118787,0.00678949232902792,0.0198334207494282,0.0244419754795417,0.00916790252452238,0.0196152772538662,0.0112731648420352,0.0119612877144974,0.0140427844620243,0.0160324940724852,0.0204217937588955,0.0248238405442143,0.00932171134315518,0.0178499054662657,0.01140939635602,0.00835382511120453,0.0135599087332119,0.00588553075157794,0.0107209246107551,0.0189734371879369,0.00817438678177118,-0.000591395623891211,0.0043838283834452,0.0131756973770545,0.0206814675065028,0.0067838170917891,0.00900546166775795,0.0125287137237444,-0.00232046420538634
"2016-05-11",-0.00287789859267884,-0.0038556449016437,-0.00974091221881646,-0.012767228230647,-0.00110332364906007,-0.00128367733633883,-0.0122086565960541,-0.00633881967213112,-0.0404314923157878,-0.0104631484986353,-0.013112568354541,-0.00459317585301844,-0.0123900385626321,-0.0233436994888989,-0.0068013868987038,-0.00265428011460778,-0.00261615945959992,-0.00370728556242284,-0.0186930614577633,-0.00676662399414774,0.000587985103880806,-0.0369932932940321,-0.0189348822170085,-0.00400098191073051,-0.00267209413036684,-0.00548165601089834,-0.0215617642364877,-0.00756691875112681,-0.0239898241410286,-0.034598007928507
"2016-05-12",0.00223826348027889,-0.00387056843911249,-0.0234569879265596,0.0106766766917292,-0.010078738091951,0.00968957889746469,-0.0011236329167178,0.00813908948832132,-0.00567017298201034,-0.000466474901771763,0.00968359440791811,-0.00823994726433752,-0.00846814086649272,-0.000819069229656022,-0.000738509581842961,-0.00998000698536283,-0.00122409719618521,-0.000647160643145739,0.00758863255063202,-0.00349847167191175,0.00901075433909426,0.0171900374386962,0.000904674306393405,0.00316496644759678,0.00598372773078748,-0.00137794294051075,-0.00726908704156259,0.00625608968695657,0.00763254821607195,0.00662541745969469
"2016-05-13",-0.0107551399619796,-0.00341922619951673,0.00199248403774566,-0.0171105715981338,-0.0227335713835526,-0.0135135620785283,-0.00524930633670806,-0.0104735758030297,-0.0116999509556577,-0.0213129903751245,-0.0112634551413729,-0.0149551678298439,-0.0172708982039836,-0.00789922486177463,-0.00752482551800138,0.00504032258064502,-0.00586540297998595,-0.00922776428687067,-0.00991387219158735,-0.00443455292746775,-0.0083478162821905,-0.0117261765226357,0,-0.0143186620886465,0.000266326351796353,-0.0117287799303053,-0.00570375344135365,-0.0102972991976433,-0.0136088973373849,-0.0285713695907663
"2016-05-16",0.00730748543754522,-0.000779834648479416,0.0371188699884735,0.0152891619470619,0.00899096617668049,0.0153861726302595,0.0165849221038477,0.00595371580832271,-0.00159168329461856,0.0227308218089335,0.0102638840395268,0.0107962216867821,0.000257557622185045,0.0166002472545539,0.0117790819673769,0.0160481109996657,0.00774924282756695,0.00751632340659603,0.00628733204552767,0.0142910353695056,0.0146828498558007,-0.00296635834991521,0.00572467627974316,0.00492421500956985,-0.0038164552022093,0.0154582930724532,0.0127131705426355,0.00569299186676453,0.0126252892717615,0.0166306585577254
"2016-05-17",-0.0102624887597318,-0.0204464179803339,-0.00415422893547812,-0.0117787461739879,0.00495058012520144,-0.0150552447447918,-0.0118649985860215,-0.0190705615754179,-0.00418492423091932,0.00295310866976117,-0.000446589259796681,-0.00834445955755869,-0.00469822999426484,-0.0246785584358966,-0.00976854631085355,-0.0134912475647004,-0.00533030399632473,0,-0.0150416307855724,-0.00603846272503339,-0.0254679519402681,-0.000700052514876703,-0.0104853801532242,-0.0123728290716464,-0.016215253318162,-0.0172854252602632,-0.00826700098183542,-0.00644149912160841,-0.0129820303477366,-0.0139351566465536
"2016-05-18",-0.00589947566771321,0.0121096562176437,0.0114450745843422,-0.0118436407942614,-0.00647441211226973,-0.00684865508684873,0.00262660412757976,-0.00603351955307274,-0.00940566320981273,-0.00836815447649408,-0.00201051046588308,-0.00336580287330202,0.0342063252844356,-0.0017423939393939,-0.00445948648648642,0.000333555703802446,-0.00210845994714115,0.0385987836522868,-0.0115905942267901,0.00644326215022084,0.00593947756640167,-0.0171628552421316,0.0042385408488812,-0.00955104156967101,0.00796961615594305,-0.00769535294214163,0.00733248699185673,-0.0100197049108171,0.00833440541301722,-0.0299538565270002
"2016-05-19",-0.0102506050128627,-0.012279565491184,-0.00380711725480365,-0.0222154583473754,-0.0164328667761929,-0.00209874079749628,0.0318114158612057,-0.00359712230215825,-0.0059595555555555,0.0065635566006077,0.00850590953566677,-0.00844309326433323,-0.032762316709237,-0.00030361993462491,-0.016356746745127,-0.012004034678226,-0.00651464060268125,-0.0101499373805444,-0.00728942244900888,-0.00164616797681238,-0.00964379040260199,0.0163934785529842,0.00633111283274723,0.00425803392005109,-0.0107817157920472,-0.00785576585904157,-0.00390770837130139,-0.0150823182195341,-0.00710322872271729,0.0958035599112095
"2016-05-20",-0.000605693170579125,0.0188077137772487,0.010828068285395,-0.00538728130250965,0.00633736137116503,-0.000600871318995888,0.0145084874863983,-0.00834835288808666,0.0139212980826624,0.0208041595526061,-0.00410612580062009,0.00681192074891279,-0.00122819653319062,0.000911030165065885,0.0160077769409677,0.0175498149696189,-0.00186086844237243,0.00189302732123409,-0.0217894722500641,0.00971049799521806,0.00596182432432424,-0.00981768916869408,0.0107849307733692,-0.00212002738196715,0.0162579566986005,0.0059891989444889,0.00723078461538451,0.00060445293966449,0.0102757678307401,0.00953763047128464
"2016-05-23",0.00666629921417794,-0.00516267225164802,0.0127074037732893,0.00149150640938456,0.00758550132021618,-0.00410866816205369,-0.00107250629504863,0.000455062560749564,-0.00601321914224506,0.0190114068441065,-0.00156006243726459,-0.0023680312032488,0.00608376176570324,-0.00326134228617336,-0.00325973514431244,0.00265339966832512,-0.00426131928499041,-0.000787261873319567,0.00203981726566282,-0.00344770452825793,-0.0116554723756515,-0.00867560198300288,-0.00207480722733799,0.0022494377249227,-0.00446867463105438,-0.00201812314870076,-0.00397131504549697,-0.0104712243254127,-0.0059224798744042,-0.00515317771037527
"2016-05-24",0.0151706940270262,0.0201289982701682,0.0152442393446022,-0.000627073199136574,0.00980105085792471,0.00815058386447731,0.0189691474957356,0.00909706597459481,0.00332730389191371,0.0137313134328358,0.000781250017438673,0.0122075279755851,0.0137664782328688,0.0147618553456379,0.0104925663148445,0.0274561362884551,0.00472537429652742,0.0170186261742613,0.00928262371602684,0.0123816464814874,0.0311813118365245,0.0107161632178545,0.0127710135296117,0.0096010477406876,0.0184038335434404,0.0102123557085469,0.0166385372893505,0.00895407018628536,0.0281051421850169,0.0106474532374101
"2016-05-25",0.00806499412723127,0.00678271897104721,0.0175689577616147,0.0106666745098041,0.0208187379838929,0.0157699867098515,0.0158061473764013,0.000225422587906809,0.00351722432886703,0.00456426691885348,0.00657972580751021,0.00804020100502512,0.0232248498819683,-0.00119979003299509,0.0227901290916341,0.0106245978951898,0.00585673962451416,0.0151843195664034,-0.00556672058652807,0.0174460797642475,0.01027328939717,-0.0106025446191907,0.00733137872911316,0.00629865374461347,0.000881514441440023,0.00410365312366512,0.00625991420951522,0.00544566335435004,-0.00403122968120051,0.00341692777383051
"2016-05-26",-0.00635332059670224,-0.00122485074949774,0.00793014431047556,0.00349213872813792,-0.00675207385972165,-0.00265301177123944,-0.000691562932226941,0.00698508321349522,-0.000500731018418521,-0.0186135709242164,-0.00509637701980103,-0.00232635427052175,-0.0125891410852713,0.00638142657015228,0.00494429421920639,0.00318575989760306,-0.00396996919223591,-0.00747860229602881,0.00429984578452314,-0.0031819162100053,-0.0044128934077684,-0.00267908545529238,0.00232902488087472,-0.00319099153690505,0.000528421696948778,0.00089716905901116,-0.0032978714330365,0.00621869633776106,-0.000758891999971922,0.00524964506599135
"2016-05-27",-0.000118435850608334,0.00444571495727208,-0.000597609776013974,-0.000695978666707675,-0.00166485844437125,0.00512312315270935,0.00069204152249136,0.00201387339480585,0.00480916751446103,0.00313618582939368,0.00233851885283332,0.00333114590273142,0.00194697901050755,-0.000820596773877025,0.00262394381233366,0.00254048904414095,0.0014171478934073,0.00615102269953915,-0.00436223439403638,0.00159604542642389,0.00828677988604309,0.00626789040114617,0.00522802788266041,0.00258555771256397,0.00510565149833897,0.00348568853756848,0.00767035667530025,0.00917063397129203,0.00835448101265834,-0.00141140441528309
"2016-05-31",-0.00337493044807224,0.0036630801433033,-0.00488288001759607,-0.0237579242860398,0.00764317687108362,-0.00999801048808113,0.00449512448132783,-0.00401967405135484,-0.0106690596204103,-0.0262020850439806,-0.0109988332185572,0.0036520251111547,-0.000313439480432831,-0.0135882258684751,0.00588856990025044,0.000633512828634775,-0.00327256329864778,-0.00244540730551734,-0.0096551886409737,-0.0038952195467421,0.0129969418960245,-0.0172628228735152,0.00260040443223342,-0.00478937737934426,-0.000350332807847242,-0.00178642314834421,-0.00246270149253736,0.00553146988406694,-0.00903843790919212,0.00042401413427573
"2016-06-01",0.00219816411961049,0.00228105224206043,-0.0140196473661161,0.00206105426775971,-0.00330995715597959,0.00128709900990098,-0.00516347694194419,0.00224221983148976,-0.00705506947132561,0.0151352689108535,0.00247136606845766,-0.00396953357591801,0.003072517007086,-0.00219492136674682,-0.00800058514373014,0.00221589110478004,0.000798624531038739,0.00643488615450694,-0.000737317724681552,0.0012442943919051,-0.00283022641509434,-0.00525173840543758,0.00144089333023367,0.00925468892824921,0.00613279311488335,-0.00228677664969612,0.00643376234658133,-0.00923383067843497,0.00354698496207262,-0.00395590567894755
"2016-06-02",-0.00385327519291856,0.00758610180026698,-0.00751572219699093,0.00348068970870363,0.0186800339842272,-0.00593293797882744,0.00622837370242224,0.000447427283055468,0.0020300853236932,0.0256023486264352,-0.00795606248220659,-0.00199275981425573,-0.00431332122077055,0.00439962065691213,0.00649141061213721,0.00315855969677825,0.0151622540801759,0.00182670111655625,-0.00655901445798945,0.00869870375648141,-0.00700090849577706,-0.00728201347169133,0.00345320863309362,0.00195618043824197,0.000261293983326194,0.00438468369476208,0.0112242177300543,0.0067420186396987,0.00921479412755888,0.00638293617021279
"2016-06-03",0.0020233992749572,-0.0138534248544843,0.0020466332168787,0.00417815536741273,0.0192882089396276,0.00129319607374101,0.00171936038514464,0.00715563490260185,0.000303879656565309,0.00998533068973084,-0.00180725179947205,-0.00366049928986689,-0.0226644966264723,-0.005060033077259,-0.0039739478827362,-0.00440802896725445,0.00235831954508381,-0.0177784384676625,0.00148551624140492,-0.00316791622668067,-0.0131478467987804,-0.0198055752760971,-0.00516203054665987,0.00634538156236908,-0.00217637323470776,-0.00357179280115294,0.00588064570100366,0.00295446129604082,-0.000125015639462656,-0.00112747009700365
"2016-06-06",0.0100961928347727,0.00687133934558992,0.00725080692914215,0.035484354737424,0.0183901516739053,0.00506650089145633,-0.00102983182388716,0.00732677603626164,0.000303787341772166,-0.000436158773424844,0.0109764961759704,0.00601202384729382,0.0089291451009077,-0.0193563299166415,-0.00104652365129509,0.00189750152126811,0.00880093222724065,0.00990099025218116,0.00535642365647182,0.00935732714260817,0.0065649738064304,0.0159026751000435,0.00691844932022057,0.00363763788483529,-0.00253010811734145,0.00926019117793486,0.00957320986767618,-0.00412409678413572,0.00750561652475312,0.00253986161112496
"2016-06-07",0.00488006814581277,-0.000758310562380737,0.00405558158944275,0.00022743746296161,0.0051033762131214,0.0212513792873652,-0.00103092783505154,-0.00110202779594504,-0.00435311808415795,-0.000145483636363686,0.015334710782839,0.000663944201064304,-0.012033617878946,0.00565056110146966,0.0039285406646643,0.00631309974747474,-0.000345460836454925,-0.0033701134094688,-0.000819655737704927,-0.00297355266655774,-0.000575541903404142,-0.0138121549505001,-0.00257658173489828,-0.00543671639857624,0.00218665263383788,0.000887884758406843,-0.00875853820160133,0.0205087955138787,0.000744934184939927,-0.000281548193601044
"2016-06-08",0.00298399150467521,0.00561546525444623,-0.000908785225777864,0.00811041504413645,0.0169249190710825,-0.00222613240418112,0.00240794633642927,0.00507499999999994,-0.00315197769500708,-0.00538252852436805,0.000881953487839926,0.00564034524354162,-0.00341560228672555,-0.00254004006373199,0.00436964710924603,0.000313676295911947,0.000604856114969632,0.0029204120172277,0.0017227153121786,0.0108771754385966,-0.00115157394055954,0.0106442579018535,0.0117680826636049,0.0040087706511176,-0.00314191825550847,0.00611141467061849,0.0252664813017893,-0.00444444444444436,0.0130273452364105,0.00351963963845758
"2016-06-09",-0.00752533552123824,-0.00830067889222219,0.00717606615775068,0.000751924812030236,-0.0121622966052708,-0.00271605403884201,0,0.00461029647882105,-0.00204003465891445,-0.00687437442411687,-0.00132176449695154,-0.00230943590595312,-0.00950595582970737,-0.00223777304538242,-0.00376624675324677,0.00156795238532315,0.0103626681253195,-0.0076628352490421,0.00556874944256203,-0.00763622019500554,-0.0080707531116303,0.0151515154314767,0.00170215602836876,0.00629154249748232,0,0.00244929950034289,0.00199429495702108,0.00834629270186338,-0.00477648487993909,-0.00266558645714909
"2016-06-10",-0.0092282781041475,-0.0112615737522687,-0.00822880063765585,-0.0147258220258835,-0.014644957768535,-0.00807309615938323,-0.00377481138554603,0.00502631140849252,-0.0051103845098277,-0.00500742253291842,-0.00760995936053743,-0.00661372354497347,-0.0214141087865001,-0.00363496511287786,-0.00684397740638742,0.00313087028394254,8.54871794870871e-05,-0.014054054054054,-0.00350191380811216,-0.00647077649527805,-0.00271210776272979,0.00309432113386099,-0.000566411765324015,0.000360694970799269,-0.00358959023297512,-0.00312744331508985,-0.0102359117973513,0.0138594222548716,-0.0132906962025424,0.000703376041827353
"2016-06-13",-0.00848358458096321,-0.0200092808987336,-0.0150764542127602,-0.00930304262088633,-0.0105221098319364,0.00117665225014751,-0.00654498771805068,-0.0189172203123626,0.00236289304963599,-0.011989313558002,0.0067792062643075,-0.00699071215077529,-0.00840612454737544,-0.00776216707657906,-0.00715361315067309,0.00405733445513956,-0.0018801896952364,-0.0089285714285714,0.00514871685886953,-0.0123217741186099,-0.0260295454545454,-0.0036291235051874,-0.0155851228227508,-0.00757207959995487,-0.00711710758487138,-0.00774510784313731,-0.00825918528227565,-0.00189857611158439,-0.0222000249438764,-0.00857464167240152
"2016-06-14",0.00287199177670105,-0.0408355282184868,0.00123282314496898,0.0044643011770984,-0.0049182770868692,-0.00803133218474694,0.00416085298196944,-0.00177300535844438,0.00850673362713961,-0.0134831760299625,-0.00176615528275326,0.0204492457257794,-0.0164166246243483,-0.0202613154930561,-0.00145426362674683,-0.000932514823283381,0.00282560148278432,-0.0188082503556188,-0.00390272386214685,0.00249508104624696,-0.00618262876311593,-0.0143871972318339,0.00719631507217522,0.00944650599491359,-0.00398227433628318,-0.000197579292536054,-0.00159317116643287,0.00798938558112994,0.00216834178141978,0.00595488453076531
"2016-06-15",0.00113359584073969,0.00573109546422135,-0.00328339835094804,-0.00260533333333346,0.00280522304561548,-0.00641787131139293,-0.0107043857287427,-0.000666141193025105,-0.00132118899753675,-0.00136668189420441,-0.00298569058940623,0.00492769366203372,-0.000205198711195065,0.0103002317199015,-0.00251558986516076,-0.0164902929835189,-0.00606214977641351,-0.00177192326765707,-0.0021222920231444,-0.00284444444444443,-0.00280961257035472,0.00351075394513578,-0.00571594708682788,-0.00479905230471633,-0.00657489986917204,-0.00642356939571953,-0.00442445798304403,-0.00283076041401153,-0.00509102710958365,0.00239613822675699
"2016-06-16",0.0126936231342021,0.00830351704016663,0.00422075359502516,-0.00606952194008847,-0.00106569868123074,0.00437248348521746,0.00767891797556719,0.00666525246235294,0.0011193650489274,0.0176398413126571,0.0117568428679307,0.00163448839490021,0.00321566083153657,0.0065597250182543,0.00252193401681411,0.00253084458934372,0.00197573225751291,0.00403421003656268,0.00179959918200412,0.0251381707969334,0.0140873418009126,-0.0154667645835617,-0.00114978438776125,0.00554559393172749,0.00840713725797593,0.00576886805481536,0.0101996870974677,0.0117335162755487,0.00230267371888626,0.00253093352653555
"2016-06-17",-0.00582587560043035,-0.00113029226546102,-0.0227575697768048,0.00347848819194918,0.0125350316718238,0.00494706638963094,0.00277104250879656,-0.0114764950016223,0.00630212460770863,0.00612677842578524,-0.00548125405085231,-0.0013054504342509,-0.00675172861107132,-0.00172740262462778,0.00615654052901538,0.00220886708081847,-0.00994509610721106,0.000964287994787982,-0.00163308564029485,-0.0280000173913043,-0.00515971433140938,0.00448846073520737,-0.0152517697841725,-0.00335699540309331,-0.00789356097560978,0.00079107988159377,-0.00699554285315029,0.00598578387552884,-0.0173580093773582,-0.00490891984955466
"2016-06-20",0.0135550726464417,0.00711280298880057,-0.00241271368063112,0.022569656771009,0.00658501251152388,0.0102392537166487,-0.0051814160559096,0.00424199588653718,0.00575757575757563,0.0032675032446905,0.00440919307309096,0.00751633986928102,0.0144877850486667,0.00377539722963194,0.010658569292106,0.012909256926952,0.00917906107085931,0.00144508672840549,0.0094054226565492,0.00447307218595583,-0.00119690801522221,0.0121020668795766,0.00818232004142838,-0.00108259356727747,0.00670480952346852,0.00494071160891441,0.00602804842721993,-0.000371904060466721,0.00454601908159558,0.00211417908868983
"2016-06-21",0.000817607914912255,-0.000160481543507007,0.00851741342833678,-0.00926550659133707,0.000785005887740331,0.00613972316402189,-0.00104163198061225,0.00333483770564702,-0.00753238927387767,0,0.00449951697214068,0.00356798572818695,0.00406095431472075,0.000940252289447052,0.00286440985050174,0.00466279171046269,-0.00308907668535197,0.00929937484847487,-0.00640091567656653,0.00195940509368375,0.0223686638705811,0.00754229198781675,0.00724637681159424,0.0044557200812172,0.00097682265361132,-0.00127823995904353,-0.00238234183129249,0.00632440499718756,-0.000129221625509324,0.00506330534636579
"2016-06-22",-0.000816939978319997,-0.00545833993484757,-0.00375352919388883,0.00190085152369668,-0.000784390136864599,-0.00920183086404158,-0.00173795620437955,-0.00598271646393278,-0.000303572151386211,0.0076979567269595,-0.00393314764485031,-0.0051712991218068,-0.00141561841258042,-0.00109597621881907,-0.00733531306714752,-0.000928186881188231,0.00241004475813389,-0.00381258135325524,-0.0163907204531695,0.0140444622222222,-0.0039069545596202,-0.00365163410626257,-0.00805752517985603,0.00191818717572523,-0.00789566174684475,-0.00216601358668889,-0.00209861781462306,-0.00129388174838752,-0.010345312030381,0.00405822843630332
"2016-06-23",0.0168195121607082,0.0209846485716765,0.00575609610394245,0.0135083778247438,0.0234201360722228,0.0210186819726397,0.0174094713582684,0.00490416841497621,0.00232813035400214,0.0167474511532246,0.00691022281255282,0.0133203374489819,0.0305117121001195,0.00540748441077565,0.0158907143067057,0.0216785685451046,0.00789969094882093,0.0213682669648902,0.00489136117829481,0.0112201786251722,0.0180427135500014,-0.00824630749496058,0.00348125896486051,0.00765823860236936,0.0180630954473202,0.00966950191750371,0.00935466320614919,0.0118452528566584,0.0222135635987659,0.00487802090592337
"2016-06-24",-0.0286600767982307,-0.050434766798419,-0.0280956925722309,-0.0526395046206026,-0.0663513415194151,-0.0243201833718847,-0.0503079757121142,-0.0255102473154283,-0.0333265613005422,-0.0463805670622823,-0.0262527660265981,-0.043924365375942,-0.0707454651972889,-0.0147321779026055,-0.0563888616779326,-0.0436496790754968,-0.0149088434548179,-0.0694770459261338,-0.0146027309182635,-0.0312066400832177,-0.0400693122712387,-0.0282704920227363,-0.0179242266551026,-0.0231563593772278,-0.0248572775556833,-0.0336167588465404,-0.0136504703836414,-0.00438993979842472,-0.0406493656915747,-0.00194173375705231
"2016-06-27",-0.011411974083845,-0.0397935890810258,-0.0145610382320976,-0.0301928556005262,-0.0225934824400039,-0.0151128652578437,-0.0158558918918918,-0.00341454586842715,-0.0139992058712995,-0.0290908787878789,-0.00592905253304687,-0.0167672702883971,-0.0165656702624725,-0.0136867402897667,-0.0210791737793622,-0.0263074493282868,0.00795646479174428,-0.0333892125298394,-0.026289341488792,-0.0102004293092264,-0.0280955637930739,-0.0133105343221145,-0.00500447438903528,-0.012521261548231,-0.0060349398135906,-0.016988573333892,-0.00131103510217234,0.0056954253169208,-0.022784902486946,-0.00639242643680404
"2016-06-28",0.0143548894747907,0.00398827827252579,0.016840449621464,0.00969846804478736,0.0159708608561584,0.0126544040189878,0.0175760533715141,0.00913661510133901,0.0176944909205707,-0.020755336430857,0.0230700312506187,0.0211460095497953,0.0207871056120386,0.0229405714757451,0.0153309895470384,0.0152995447688653,0.0144144140433871,0.0331539483917038,0.0189165687295811,0.00488159456008685,0.0208548213916995,0.0231258628469042,0.0189349118028082,0.0151421390443627,0.0342546358723088,0.0187223538599153,0.0116695061507583,0.0014614175571277,0.0248160362593965,0.000139888111888142
"2016-06-29",0.0113804354355902,0.0298790835965774,0.0086548352881648,0.0250221892406344,0.0235797858623739,0.017612919933472,0.0169125218815214,0.00588499320959701,0.00968245675119861,0.0189641274900398,0.0170497737520723,0.0203740140155639,0.0216978857749348,-0.00125457540386253,0.0189431026549711,0.0237255202396436,0.0093038904853957,0.0282258232526882,0.00835441350210964,0.0264483077924322,0.0222492318416105,0.0384253343379166,0.0165504940926393,0.017584344137574,0.0234820035963024,0.0145410685099572,0.0130487845768763,0.00437798248814292,0.0210217391686143,0.0132848129412722
"2016-06-30",0.0209887530086577,0.018950142227903,0.0127118217645801,0.0226789278317807,0.0212851264467819,0.0136337654928207,0.0152158881811748,0.0200270706576748,0.00866154850500456,0.0134501722466402,0.0138438136907184,0.0304419322566918,0.0211683986254296,0.00251235763887059,0.0223628710996895,0.0272470717193862,0.0165088491325092,0.0153594441934732,0.00711354937004849,0.00981598614927237,0.0124653143556528,0.00126972607890941,0.00571268241717693,0.00905725138566327,0.0190908572740496,0.020702717022965,0.00483911884887211,0.0141663455472876,-0.0334897063718974,0.00772837438211949
